name,code,average income,median age
"Adjuntas, PR",31000US10260,10499.0,37.8
"Aguadilla-Isabela, PR Metro Area",31000US10380,15616.0,39.8
"Arecibo, PR Metro Area",31000US11640,17047.0,39.6
"Coamo, PR",31000US17620,18233.0,37.7
"Coco, PR Micro Area",31000US17640,15240.0,36.5
"Guayama, PR",31000US25020,15114.0,37.6
"Jayuya, PR",31000US27580,16033.0,35.2
"Mayagüez, PR",31000US32420,15829.0,39.5
"Ponce, PR Metro Area",31000US38660,16296.0,37.9
"San German, PR Metro Area",31000US41900,15107.0,40.9
"San Juan-Carolina-Caguas, PR Metro Area",31000US41980,21802.0,38.5
"Santa Isabel, PR",31000US42180,15674.0,35.5
"Aberdeen, SD",31000US10100,53289.0,38.9
"Aberdeen, WA",31000US10140,43538.0,42.7
"Abilene, TX",31000US10180,44799.0,33.8
"Ada, OK",31000US10220,43261.0,35.3
"Adrian, MI",31000US10300,48043.0,40.9
"Akron, OH Metro Area",31000US10420,51160.0,40.1
"Alamogordo, NM",31000US10460,39775.0,35.6
"Albany, GA",31000US10500,37404.0,35.8
"Albany, OR Metro Area",31000US10540,45644.0,39.5
"Albany-Schenectady-Troy, NY Metro Area",31000US10580,62283.0,40.0
"Albemarle, NC",31000US10620,40910.0,41.8
"Albert Lea, MN",31000US10660,47105.0,44.6
"Albertville, AL",31000US10700,38983.0,38.8
"Albuquerque, NM Metro Area",31000US10740,48495.0,37.1
"Alexandria, LA",31000US10780,40591.0,37.4
"Alexandria, MN",31000US10820,54531.0,44.1
"Alice, TX",31000US10860,42986.0,34.6
"Allentown-Bethlehem-Easton, PA-NJ Metro Area",31000US10900,58699.0,41.2
"Alma, MI",31000US10940,41912.0,38.9
"Alpena, MI",31000US10980,38829.0,47.1
"Altoona, PA",31000US11020,43981.0,42.8
"Altus, OK",31000US11060,41560.0,34.1
"Amarillo, TX",31000US11100,50383.0,34.4
"Americus, GA",31000US11140,33798.0,35.1
"Ames, IA",31000US11180,50438.0,25.9
"Amsterdam, NY",31000US11220,43764.0,41.0
"Anchorage, AK Metro Area",31000US11260,76917.0,33.0
"Andrews, TX",31000US11380,70423.0,31.3
"Angola, IN",31000US11420,48472.0,41.7
"Ann Arbor, MI Metro Area",31000US11460,61003.0,33.4
"Anniston-Oxford-Jacksonville, AL Metro Area",31000US11500,41703.0,39.1
"Appleton, WI",31000US11540,60809.0,38.0
"Arcadia, FL",31000US11580,35165.0,40.1
"Ardmore, OK",31000US11620,44531.0,38.6
"Arkadelphia, AR",31000US11660,35031.0,34.0
"Arkansas City-Winfield, KS Micro Area",31000US11680,43860.0,38.2
"Asheville, NC Metro Area",31000US11700,44704.0,43.3
"Ashland, OH",31000US11740,48003.0,39.9
"Ashtabula, OH",31000US11780,40544.0,41.8
"Astoria, OR",31000US11820,46408.0,43.9
"Atchison, KS",31000US11860,43581.0,35.9
"Athens, OH",31000US11900,33872.0,28.0
"Athens, TN",31000US11940,38535.0,42.7
"Athens, TX",31000US11980,41607.0,43.4
"Athens-Clarke County, GA",31000US12020,40308.0,31.0
"Atlanta-Sandy Springs-Roswell, GA Metro Area",31000US12060,57000.0,35.7
"Atlantic City-Hammonton, NJ",31000US12100,54461.0,40.6
"Auburn, IN",31000US12140,48341.0,38.6
"Auburn, NY",31000US12180,52082.0,42.5
"Auburn-Opelika, AL",31000US12220,44570.0,30.3
"Augusta-Richmond County, GA-SC Metro Area",31000US12260,46518.0,37.0
"Augusta-Waterville, ME",31000US12300,46917.0,44.0
"Austin, MN",31000US12380,49427.0,39.0
"Austin-Round Rock, TX Metro Area",31000US12420,63437.0,33.6
"Bainbridge, GA",31000US12460,31284.0,37.4
"Bakersfield, CA Metro Area",31000US12540,49026.0,31.1
"Baltimore-Columbia-Towson, MD Metro Area",31000US12580,70936.0,38.2
"Bangor, ME",31000US12620,44271.0,41.3
"Baraboo, WI",31000US12660,51055.0,40.9
"Bardstown, KY Micro Area",31000US12680,49298.0,37.9
"Barnstable Town, MA",31000US12700,63251.0,51.3
"Barre, VT",31000US12740,58788.0,43.2
"Bartlesville, OK",31000US12780,50023.0,40.5
"Bastrop, LA",31000US12820,28003.0,39.3
"Batavia, NY",31000US12860,50880.0,42.7
"Batesville, AR",31000US12900,36265.0,38.7
"Baton Rouge, LA Metro Area",31000US12940,52427.0,34.6
"Battle Creek, MI",31000US12980,42520.0,40.1
"Bay City, MI",31000US13020,45583.0,42.6
"Bay City, TX",31000US13060,40797.0,37.2
"Beatrice, NE",31000US13100,50010.0,44.6
"Beaumont-Port Arthur, TX Metro Area",31000US13140,45861.0,36.9
"Beaver Dam, WI",31000US13180,53783.0,42.0
"Beckley, WV Metro Area",31000US13220,38967.0,42.2
"Bedford, IN",31000US13260,45875.0,41.9
"Beeville, TX",31000US13300,42302.0,35.3
"Bellefontaine, OH",31000US13340,49783.0,40.7
"Bellingham, WA",31000US13380,53145.0,36.5
"Bemidji, MN",31000US13420,44757.0,33.3
"Bend-Redmond, OR Metro Area",31000US13460,51223.0,41.9
"Bennettsville, SC",31000US13500,30767.0,39.4
"Bennington, VT",31000US13540,49573.0,46.1
"Berlin, NH-VT",31000US13620,41214.0,48.2
"Big Rapids, MI",31000US13660,41889.0,35.7
"Big Spring, TX",31000US13700,50091.0,37.0
"Big Stone Gap, VA Micro Area",31000US13720,35556.0,40.5
"Billings, MT",31000US13740,52431.0,38.8
"Binghamton, NY",31000US13780,48540.0,40.8
"Birmingham-Hoover, AL Metro Area",31000US13820,49260.0,38.2
"Bismarck, ND",31000US13900,63836.0,36.9
"Blackfoot, ID",31000US13940,50155.0,32.9
"Blacksburg-Christiansburg-Radford, VA",31000US13980,45607.0,33.2
"Bloomington, IL Metro Area",31000US14010,61504.0,33.4
"Bloomington, IN",31000US14020,42725.0,30.0
"Bloomsburg-Berwick, PA Metro Area",31000US14100,47372.0,40.9
"Bluefield, WV-VA",31000US14140,36754.0,42.6
"Blytheville, AR",31000US14180,34612.0,35.6
"Bogalusa, LA",31000US14220,30705.0,39.2
"Boise City, ID Metro Area",31000US14260,51024.0,35.3
"Boone, IA",31000US14340,52985.0,41.3
"Boone, NC",31000US14380,37656.0,29.5
"Borger, TX",31000US14420,49353.0,37.3
"Boston-Cambridge-Newton, MA-NH Metro Area",31000US14460,75389.0,38.7
"Boulder, CO",31000US14500,70961.0,35.8
"Bowling Green, KY",31000US14540,43295.0,34.9
"Bozeman, MT",31000US14580,55553.0,33.2
"Bradford, PA",31000US14620,43965.0,42.4
"Brainerd, MN",31000US14660,48249.0,44.9
"Branson, MO",31000US14700,39096.0,45.4
"Breckenridge, CO Micro Area",31000US14720,67983.0,37.1
"Bremerton-Silverdale, WA",31000US14740,62941.0,39.3
"Brenham, TX",31000US14780,51269.0,42.0
"Brevard, NC",31000US14820,45114.0,50.1
"Bridgeport-Stamford-Norwalk, CT Metro Area",31000US14860,84233.0,39.7
"Brookhaven, MS",31000US15020,36473.0,37.7
"Brookings, OR",31000US15060,40884.0,54.6
"Brookings, SD",31000US15100,50082.0,26.4
"Brownsville-Harlingen, TX Metro Area",31000US15180,33266.0,31.2
"Brownwood, TX",31000US15220,41962.0,41.0
"Brunswick, GA",31000US15260,44185.0,40.9
"Bucyrus, OH",31000US15340,40795.0,42.6
"Buffalo-Cheektowaga-Niagara Falls, NY Metro Area",31000US15380,50962.0,40.9
"Burley, ID",31000US15420,45287.0,33.7
"Burlington, IA-IL",31000US15460,44735.0,43.1
"Burlington, NC",31000US15500,41814.0,39.2
"Burlington-South Burlington, VT",31000US15540,63255.0,37.7
"Butte-Silver Bow, MT",31000US15580,37749.0,40.6
"Cadillac, MI",31000US15620,41403.0,42.2
"Calhoun, GA",31000US15660,41612.0,37.0
"California-Lexington Park, MD Metro Area",31000US15680,86987.0,36.3
"Cambridge, MD",31000US15700,47093.0,43.8
"Cambridge, OH",31000US15740,40930.0,42.2
"Camden, AR",31000US15780,32194.0,43.1
"Campbellsville, KY",31000US15820,33340.0,39.2
"Cañon City, CO",31000US15860,40423.0,43.5
"Canton, IL",31000US15900,46083.0,42.2
"Canton-Massillon, OH Metro Area",31000US15940,47132.0,42.0
"Cape Coral-Fort Myers, FL Metro Area",31000US15980,48537.0,46.9
"Cape Girardeau, MO-IL Metro Area",31000US16020,43034.0,37.3
"Carbondale-Marion, IL Metro Area",31000US16060,40071.0,36.0
"Carlsbad-Artesia, NM",31000US16100,56618.0,36.5
"Carson City, NV",31000US16180,47668.0,42.6
"Casper, WY",31000US16220,56871.0,36.0
"Cedar City, UT",31000US16260,43855.0,28.1
"Cedar Rapids, IA",31000US16300,59032.0,38.0
"Cedartown, GA",31000US16340,37853.0,37.2
"Celina, OH",31000US16380,53099.0,40.1
"Centralia, IL",31000US16460,42238.0,41.7
"Centralia, WA",31000US16500,44100.0,42.8
"Chambersburg-Waynesboro, PA Metro Area",31000US16540,53916.0,40.9
"Champaign-Urbana, IL",31000US16580,48323.0,30.8
"Charleston, WV",31000US16620,44666.0,42.7
"Charleston-Mattoon, IL",31000US16660,40512.0,35.0
"Charleston-North Charleston, SC Metro Area",31000US16700,53447.0,36.0
"Charlotte-Concord-Gastonia, NC-SC Metro Area",31000US16740,53076.0,36.9
"Charlottesville, VA",31000US16820,60240.0,37.7
"Chattanooga, TN-GA Metro Area",31000US16860,46968.0,39.8
"Cheyenne, WY",31000US16940,60706.0,36.7
"Chicago-Naperville-Elgin, IL-IN-WI Metro Area",31000US16980,61828.0,36.5
"Chico, CA",31000US17020,43444.0,36.8
"Chillicothe, OH",31000US17060,43345.0,40.6
"Cincinnati, OH-KY-IN Metro Area",31000US17140,55501.0,37.5
"Claremont-Lebanon, NH-VT Micro Area",31000US17200,54744.0,44.4
"Clarksburg, WV",31000US17220,43728.0,42.2
"Clarksdale, MS",31000US17260,28851.0,33.5
"Clarksville, TN-KY",31000US17300,46614.0,30.3
"Clearlake, CA",31000US17340,35578.0,45.5
"Cleveland, MS",31000US17380,27585.0,34.7
"Cleveland, TN",31000US17420,41643.0,40.0
"Cleveland-Elyria, OH Metro Area",31000US17460,49925.0,41.1
"Clewiston, FL",31000US17500,36771.0,33.8
"Clinton, IA",31000US17540,50498.0,42.1
"Clovis, NM",31000US17580,41084.0,30.7
"Coeur d'Alene, ID",31000US17660,49403.0,39.4
"Coffeyville, KS",31000US17700,41083.0,39.4
"Coldwater, MI",31000US17740,44373.0,40.6
"College Station-Bryan, TX",31000US17780,41067.0,26.5
"Colorado Springs, CO Metro Area",31000US17820,58414.0,34.1
"Columbia, MO",31000US17860,49899.0,30.1
"Columbia, SC Metro Area",31000US17900,49793.0,36.0
"Columbus, GA-AL",31000US17980,42456.0,34.1
"Columbus, IN",31000US18020,55050.0,38.1
"Columbus, MS",31000US18060,40239.0,36.3
"Columbus, NE",31000US18100,56318.0,38.0
"Columbus, OH Metro Area",31000US18140,55878.0,35.7
"Concord, NH",31000US18180,65983.0,42.6
"Connersville, IN",31000US18220,39379.0,42.2
"Cookeville, TN",31000US18260,34841.0,38.8
"Coos Bay, OR",31000US18300,38605.0,48.1
"Cordele, GA",31000US18380,31615.0,38.4
"Corinth, MS",31000US18420,36163.0,39.9
"Cornelia, GA",31000US18460,40907.0,38.8
"Corning, NY",31000US18500,47280.0,42.0
"Corpus Christi, TX Metro Area",31000US18580,50267.0,35.7
"Corsicana, TX",31000US18620,41505.0,38.2
"Cortland, NY",31000US18660,49514.0,36.1
"Corvallis, OR",31000US18700,49802.0,32.7
"Coshocton, OH",31000US18740,41701.0,41.5
"Craig, CO Micro Area",31000US18780,51387.0,37.1
"Crawfordsville, IN",31000US18820,48213.0,40.2
"Crescent City, CA",31000US18860,40847.0,38.8
"Crestview-Fort Walton Beach-Destin, FL",31000US18880,53246.0,38.4
"Crossville, TN",31000US18900,38576.0,49.7
"Cullman, AL",31000US18980,38971.0,40.5
"Cullowhee, NC Micro Area",31000US19000,38015.0,36.8
"Cumberland, MD-WV",31000US19060,38140.0,42.0
"Dallas-Fort Worth-Arlington, TX Metro Area",31000US19100,59946.0,34.3
"Dalton, GA",31000US19140,39459.0,35.6
"Danville, IL",31000US19180,42977.0,40.0
"Danville, KY",31000US19220,38436.0,40.7
"Danville, VA Micro Area",31000US19260,38228.0,44.2
"Daphne-Fairhope-Foley, AL Metro Area",31000US19300,50254.0,42.2
"Davenport-Moline-Rock Island, IA-IL Metro Area",31000US19340,52316.0,39.3
"Dayton, OH Metro Area",31000US19380,47654.0,39.4
"Dayton, TN Micro Area",31000US19420,36146.0,40.5
"Decatur, AL",31000US19460,44403.0,40.0
"Decatur, IL",31000US19500,47176.0,40.6
"Decatur, IN",31000US19540,48188.0,33.8
"Defiance, OH",31000US19580,50663.0,39.7
"Del Rio, TX",31000US19620,42174.0,31.7
"Deltona-Daytona Beach-Ormond Beach, FL Metro Area",31000US19660,42159.0,46.8
"Deming, NM",31000US19700,27476.0,39.0
"Denver-Aurora-Lakewood, CO Metro Area",31000US19740,65614.0,36.1
"DeRidder, LA",31000US19760,45969.0,37.5
"Des Moines-West Des Moines, IA Metro Area",31000US19780,61844.0,35.4
"Detroit-Warren-Dearborn, MI Metro Area",31000US19820,52603.0,39.8
"Dickinson, ND",31000US19860,72099.0,35.0
"Dixon, IL",31000US19940,52379.0,42.2
"Dodge City, KS",31000US19980,50777.0,30.9
"Dothan, AL",31000US20020,40596.0,40.4
"Douglas, GA",31000US20060,33965.0,35.2
"Dover, DE",31000US20100,54976.0,37.0
"Dublin, GA",31000US20140,32594.0,38.7
"DuBois, PA",31000US20180,42257.0,43.9
"Dubuque, IA",31000US20220,54605.0,38.8
"Duluth, MN-WI",31000US20260,48905.0,40.9
"Dumas, TX",31000US20300,49802.0,31.1
"Duncan, OK",31000US20340,43781.0,40.1
"Dunn, NC",31000US20380,46353.0,33.6
"Durango, CO",31000US20420,60278.0,38.8
"Durant, OK",31000US20460,38847.0,37.1
"Durham-Chapel Hill, NC Metro Area",31000US20500,53295.0,36.1
"Dyersburg, TN",31000US20540,42468.0,40.3
"Eagle Pass, TX",31000US20580,33747.0,29.9
"Easton, MD",31000US20660,58228.0,49.0
"East Stroudsburg, PA Metro Area",31000US20700,57365.0,41.8
"Eau Claire, WI",31000US20740,50611.0,36.3
"Edwards, CO",31000US20780,72214.0,35.6
"Effingham, IL",31000US20820,52224.0,38.9
"El Campo, TX",31000US20900,45176.0,37.3
"El Centro, CA",31000US20940,41079.0,32.2
"El Dorado, AR",31000US20980,38678.0,39.7
"Elizabeth City, NC",31000US21020,46386.0,40.0
"Elizabethtown-Fort Knox, KY Metro Area",31000US21060,49458.0,36.3
"Elk City, OK",31000US21120,48601.0,34.7
"Elkhart-Goshen, IN",31000US21140,47913.0,35.2
"Elkins, WV Micro Area",31000US21180,39457.0,43.2
"Elko, NV",31000US21220,71462.0,33.8
"Ellensburg, WA",31000US21260,46458.0,33.0
"Elmira, NY",31000US21300,50320.0,40.9
"El Paso, TX Metro Area",31000US21340,41578.0,31.6
"Emporia, KS",31000US21380,40021.0,32.5
"Enid, OK",31000US21420,48238.0,36.2
"Enterprise, AL Micro Area",31000US21460,46729.0,38.8
"Erie, PA",31000US21500,45971.0,38.8
"Escanaba, MI",31000US21540,42031.0,46.4
"Espanola, NM Micro Area",31000US21580,36098.0,40.1
"Eugene, OR Metro Area",31000US21660,44103.0,39.3
"Eureka-Arcata-Fortuna, CA",31000US21700,42197.0,37.4
"Evanston, WY",31000US21740,56569.0,34.6
"Evansville, IN-KY",31000US21780,47583.0,39.1
"Fairbanks, AK",31000US21820,71068.0,30.4
"Fairfield, IA Micro Area",31000US21840,42899.0,42.5
"Fairmont, WV",31000US21900,43165.0,41.1
"Fallon, NV",31000US21980,47415.0,38.9
"Fargo, ND-MN",31000US22020,54590.0,32.0
"Faribault-Northfield, MN",31000US22060,59598.0,36.4
"Farmington, MO",31000US22100,39741.0,38.9
"Farmington, NM",31000US22140,48671.0,34.2
"Fayetteville, NC Metro Area",31000US22180,43861.0,31.2
"Fayetteville-Springdale-Rogers, AR-MO Metro Area",31000US22220,49147.0,33.6
"Fergus Falls, MN",31000US22260,52365.0,46.7
"Fernley, NV",31000US22280,47255.0,43.2
"Findlay, OH",31000US22300,50895.0,39.2
"Fitzgerald, GA",31000US22340,29994.0,38.6
"Flagstaff, AZ",31000US22380,50234.0,30.8
"Flint, MI Metro Area",31000US22420,42327.0,39.6
"Florence, SC",31000US22500,40345.0,38.9
"Florence-Muscle Shoals, AL",31000US22520,42381.0,41.5
"Fond du Lac, WI",31000US22540,55473.0,41.0
"Forest City, NC",31000US22580,35630.0,43.3
"Forrest City, AR",31000US22620,32105.0,37.5
"Fort Collins, CO Metro Area",31000US22660,59805.0,35.5
"Fort Dodge, IA",31000US22700,42408.0,39.7
"Fort Leonard Wood, MO",31000US22780,47931.0,26.8
"Fort Madison-Keokuk, IA-IL-MO Micro Area",31000US22800,44745.0,44.0
"Fort Morgan, CO",31000US22820,48450.0,36.4
"Fort Polk South, LA",31000US22860,46312.0,30.0
"Fort Smith, AR-OK",31000US22900,38589.0,38.2
"Fort Wayne, IN Metro Area",31000US23060,49901.0,36.3
"Frankfort, IN",31000US23140,48478.0,38.4
"Frankfort, KY",31000US23180,50025.0,40.5
"Fredericksburg, TX",31000US23240,54859.0,50.6
"Freeport, IL",31000US23300,45331.0,44.3
"Fremont, NE",31000US23340,49068.0,39.4
"Fremont, OH",31000US23380,47209.0,41.3
"Fresno, CA Metro Area",31000US23420,45233.0,31.4
"Gadsden, AL",31000US23460,39220.0,40.8
"Gaffney, SC",31000US23500,35389.0,38.8
"Gainesville, FL",31000US23540,42710.0,31.3
"Gainesville, GA",31000US23580,51202.0,35.6
"Gainesville, TX",31000US23620,52406.0,39.6
"Galesburg, IL",31000US23660,39976.0,42.1
"Gallup, NM",31000US23700,28772.0,30.8
"Garden City, KS",31000US23780,49388.0,30.6
"Gardnerville Ranchos, NV",31000US23820,58535.0,49.4
"Georgetown, SC",31000US23860,42835.0,47.5
"Gettysburg, PA Metro Area",31000US23900,60356.0,42.8
"Gillette, WY",31000US23940,80060.0,32.7
"Glasgow, KY",31000US23980,37369.0,41.1
"Glens Falls, NY",31000US24020,53946.0,44.1
"Glenwood Springs, CO Micro Area",31000US24060,59875.0,37.1
"Gloversville, NY",31000US24100,46969.0,42.8
"Goldsboro, NC",31000US24140,40390.0,36.7
"Grand Forks, ND-MN",31000US24220,50366.0,32.0
"Grand Island, NE Metro Area",31000US24260,50633.0,37.5
"Grand Junction, CO",31000US24300,49322.0,38.4
"Grand Rapids-Wyoming, MI Metro Area",31000US24340,53780.0,35.5
"Grants, NM",31000US24380,34565.0,36.2
"Grants Pass, OR Metro Area",31000US24420,37665.0,47.9
"Great Bend, KS",31000US24460,44013.0,39.3
"Great Falls, MT",31000US24500,45205.0,38.0
"Greeley, CO",31000US24540,60572.0,33.9
"Green Bay, WI",31000US24580,53622.0,38.2
"Greeneville, TN",31000US24620,35196.0,43.7
"Greenfield Town, MA Micro Area",31000US24640,55221.0,45.1
"Greensboro-High Point, NC Metro Area",31000US24660,43836.0,38.4
"Greensburg, IN",31000US24700,49799.0,39.5
"Greenville, MS",31000US24740,29144.0,36.2
"Greenville, NC",31000US24780,41119.0,31.5
"Greenville, OH",31000US24820,44632.0,41.8
"Greenville-Anderson-Mauldin, SC Metro Area",31000US24860,45936.0,38.4
"Greenwood, MS",31000US24900,26836.0,35.7
"Greenwood, SC",31000US24940,36623.0,40.1
"Grenada, MS",31000US24980,31779.0,40.4
"Gulfport-Biloxi-Pascagoula, MS Metro Area",31000US25060,44193.0,36.9
"Guymon, OK",31000US25100,50242.0,31.5
"Hagerstown-Martinsburg, MD-WV",31000US25180,55798.0,39.6
"Hailey, ID Micro Area",31000US25200,53013.0,41.4
"Hammond, LA Metro Area",31000US25220,41302.0,34.4
"Hanford-Corcoran, CA",31000US25260,46481.0,31.4
"Hannibal, MO",31000US25300,42464.0,40.9
"Harrisburg-Carlisle, PA Metro Area",31000US25420,57365.0,40.4
"Harrison, AR",31000US25460,38395.0,42.6
"Harrisonburg, VA",31000US25500,48305.0,33.0
"Hartford-West Hartford-East Hartford, CT Metro Area",31000US25540,69869.0,40.5
"Hastings, NE",31000US25580,50635.0,37.8
"Hattiesburg, MS",31000US25620,42062.0,33.3
"Hays, KS",31000US25700,45579.0,32.2
"Heber, UT",31000US25720,66486.0,33.0
"Helena, MT",31000US25740,56935.0,42.0
"Helena-West Helena, AR",31000US25760,26844.0,37.8
"Henderson, NC",31000US25780,33316.0,40.0
"Hereford, TX",31000US25820,43373.0,31.5
"Hermiston-Pendleton, OR Micro Area",31000US25840,48614.0,36.2
"Hickory-Lenoir-Morganton, NC Metro Area",31000US25860,40474.0,41.8
"Hillsdale, MI Micro Area",31000US25880,41961.0,42.0
"Hilo, HI",31000US25900,52108.0,41.1
"Hilton Head Island-Bluffton-Beaufort, SC Metro Area",31000US25940,53631.0,41.8
"Hinesville, GA Metro Area",31000US25980,43332.0,28.2
"Hobbs, NM",31000US26020,57533.0,31.8
"Holland, MI Micro Area",31000US26090,54264.0,40.0
"Homosassa Springs, FL Metro Area",31000US26140,38312.0,55.4
"Hood River, OR",31000US26220,55827.0,39.4
"Hot Springs, AR",31000US26300,38733.0,44.1
"Houghton, MI",31000US26340,37779.0,34.1
"Houma-Thibodaux, LA Metro Area",31000US26380,49442.0,35.9
"Houston-The Woodlands-Sugar Land, TX Metro Area",31000US26420,59649.0,33.7
"Hudson, NY",31000US26460,59105.0,46.6
"Huntingdon, PA",31000US26500,44396.0,42.5
"Huntington, IN",31000US26540,46945.0,39.8
"Huntington-Ashland, WV-KY-OH Metro Area",31000US26580,42766.0,41.0
"Huntsville, AL Metro Area",31000US26620,55947.0,38.1
"Huntsville, TX",31000US26660,36738.0,36.7
"Huron, SD",31000US26700,46267.0,39.0
"Hutchinson, KS",31000US26740,45288.0,39.5
"Hutchinson, MN",31000US26780,56128.0,39.9
"Idaho Falls, ID",31000US26820,50621.0,32.4
"Indiana, PA",31000US26860,45195.0,38.9
"Indianapolis-Carmel-Anderson, IN Metro Area",31000US26900,52842.0,36.1
"Indianola, MS",31000US26940,27384.0,34.1
"Ionia, MI Micro Area",31000US26960,49124.0,37.9
"Iowa City, IA",31000US26980,55842.0,31.1
"Iron Mountain, MI-WI",31000US27020,44742.0,47.3
"Ithaca, NY",31000US27060,52624.0,30.2
"Jackson, MI",31000US27100,46326.0,40.5
"Jackson, MS Metro Area",31000US27140,45493.0,35.6
"Jackson, OH Micro Area",31000US27160,39460.0,39.5
"Jackson, TN",31000US27180,41365.0,37.8
"Jackson, WY-ID",31000US27220,68318.0,36.8
"Jacksonville, FL Metro Area",31000US27260,51998.0,37.9
"Jacksonville, IL",31000US27300,46087.0,41.3
"Jacksonville, NC",31000US27340,46335.0,26.1
"Jacksonville, TX",31000US27380,39595.0,37.6
"Jamestown, ND",31000US27420,52359.0,40.6
"Jamestown-Dunkirk-Fredonia, NY",31000US27460,42993.0,41.7
"Janesville-Beloit, WI Metro Area",31000US27500,50324.0,38.9
"Jasper, IN",31000US27540,51822.0,41.7
"Jefferson, GA Micro Area",31000US27600,53379.0,38.3
"Jefferson City, MO",31000US27620,51081.0,38.1
"Jesup, GA",31000US27700,38955.0,37.3
"Johnson City, TN",31000US27740,38991.0,41.2
"Johnstown, PA",31000US27780,42107.0,44.4
"Jonesboro, AR",31000US27860,40827.0,34.8
"Joplin, MO",31000US27900,42255.0,36.7
"Junction City, KS Micro Area",31000US27920,43992.0,26.2
"Juneau, AK",31000US27940,85746.0,37.0
"Kahului-Wailuku-Lahaina, HI Metro Area",31000US27980,66476.0,40.0
"Kalamazoo-Portage, MI Metro Area",31000US28020,47167.0,35.4
"Kalispell, MT",31000US28060,47851.0,42.1
"Kankakee, IL Metro Area",31000US28100,52110.0,37.3
"Kansas City, MO-KS Metro Area",31000US28140,57388.0,36.9
"Kapaa, HI",31000US28180,65101.0,41.6
"Kearney, NE",31000US28260,53460.0,33.5
"Keene, NH",31000US28300,57782.0,42.0
"Kendallville, IN",31000US28340,49331.0,37.9
"Kennett, MO",31000US28380,31077.0,39.8
"Kennewick-Richland, WA Metro Area",31000US28420,59332.0,33.2
"Kerrville, TX",31000US28500,43810.0,47.9
"Ketchikan, AK",31000US28540,64222.0,38.7
"Key West, FL",31000US28580,57290.0,46.8
"Kill Devil Hills, NC",31000US28620,52591.0,44.9
"Killeen-Temple, TX Metro Area",31000US28660,50288.0,30.6
"Kingsport-Bristol-Bristol, TN-VA",31000US28700,39682.0,44.2
"Kingston, NY",31000US28740,58918.0,43.1
"Kingsville, TX",31000US28780,38191.0,28.0
"Kinston, NC",31000US28820,34717.0,42.1
"Kirksville, MO",31000US28860,37514.0,29.9
"Klamath Falls, OR",31000US28900,40336.0,42.5
"Knoxville, TN Metro Area",31000US28940,45660.0,40.4
"Kokomo, IN",31000US29020,44226.0,41.5
"Laconia, NH",31000US29060,62159.0,46.1
"La Crosse-Onalaska, WI-MN Metro Area",31000US29100,51001.0,36.6
"Lafayette, LA Metro Area",31000US29180,47449.0,35.1
"Lafayette-West Lafayette, IN Metro Area",31000US29200,46582.0,29.4
"La Grande, OR",31000US29260,43822.0,40.0
"LaGrange, GA",31000US29300,41489.0,36.1
"Lake Charles, LA",31000US29340,45878.0,36.4
"Lake City, FL",31000US29380,41926.0,40.4
"Lake Havasu City-Kingman, AZ",31000US29420,38488.0,49.2
"Lakeland-Winter Haven, FL Metro Area",31000US29460,43162.0,40.3
"Lamesa, TX",31000US29500,41095.0,33.4
"Lancaster, PA Metro Area",31000US29540,57721.0,38.4
"Lansing-East Lansing, MI Metro Area",31000US29620,50421.0,35.0
"Laramie, WY",31000US29660,42834.0,26.6
"Laredo, TX",31000US29700,38862.0,28.3
"Las Cruces, NM",31000US29740,38853.0,32.4
"Las Vegas, NM",31000US29780,29237.0,42.5
"Las Vegas-Henderson-Paradise, NV Metro Area",31000US29820,51575.0,36.4
"Laurel, MS",31000US29860,36032.0,37.5
"Laurinburg, NC",31000US29900,30958.0,39.1
"Lawrence, KS",31000US29940,50939.0,28.8
"Lawrenceburg, TN",31000US29980,37814.0,39.9
"Lawton, OK",31000US30020,46245.0,32.0
"Lebanon, MO",31000US30060,39712.0,39.8
"Lebanon, PA",31000US30140,55499.0,41.1
"Levelland, TX",31000US30220,50665.0,32.8
"Lewisburg, PA",31000US30260,49803.0,38.6
"Lewisburg, TN",31000US30280,42661.0,39.4
"Lewiston, ID-WA",31000US30300,47060.0,42.6
"Lewiston-Auburn, ME",31000US30340,47537.0,40.6
"Lewistown, PA",31000US30380,41288.0,43.5
"Lexington, NE",31000US30420,48739.0,37.0
"Lexington-Fayette, KY Metro Area",31000US30460,50921.0,35.6
"Liberal, KS",31000US30580,47134.0,29.4
"Lima, OH",31000US30620,44103.0,38.1
"Lincoln, IL",31000US30660,50539.0,39.7
"Lincoln, NE",31000US30700,52177.0,33.1
"Little Rock-North Little Rock-Conway, AR Metro Area",31000US30780,49112.0,36.2
"Lock Haven, PA",31000US30820,45078.0,38.1
"Logan, UT-ID",31000US30860,50300.0,25.5
"Logan, WV Micro Area",31000US30880,36763.0,42.6
"Logansport, IN",31000US30900,42290.0,40.1
"London, KY",31000US30940,32428.0,38.3
"Longview, TX",31000US30980,47066.0,37.2
"Longview, WA",31000US31020,47452.0,41.2
"Los Alamos, NM",31000US31060,101934.0,43.5
"Los Angeles-Long Beach-Anaheim, CA Metro Area",31000US31080,60705.0,35.9
"Louisville/Jefferson County, KY-IN Metro Area",31000US31140,51205.0,38.6
"Lubbock, TX",31000US31180,45807.0,30.9
"Ludington, MI Micro Area",31000US31220,42024.0,45.7
"Lufkin, TX",31000US31260,44223.0,36.4
"Lumberton, NC",31000US31300,30608.0,35.2
"Lynchburg, VA",31000US31340,47770.0,39.9
"Macomb, IL",31000US31380,40314.0,30.7
"Macon, GA",31000US31420,39501.0,37.7
"Madera, CA Metro Area",31000US31460,45073.0,33.5
"Madison, IN",31000US31500,45718.0,40.7
"Madison, WI Metro Area",31000US31540,61886.0,35.8
"Madisonville, KY",31000US31580,42346.0,40.8
"Magnolia, AR",31000US31620,36619.0,36.0
"Malone, NY",31000US31660,47923.0,39.8
"Malvern, AR Micro Area",31000US31680,40000.0,40.9
"Manchester-Nashua, NH Metro Area",31000US31700,71244.0,40.1
"Manhattan, KS",31000US31740,48158.0,26.0
"Manitowoc, WI",31000US31820,48398.0,44.2
"Mankato-North Mankato, MN",31000US31860,53437.0,31.8
"Mansfield, OH",31000US31900,41877.0,41.3
"Marietta, OH Micro Area",31000US31930,43509.0,43.6
"Marinette, WI-MI",31000US31940,42056.0,47.3
"Marion, IN",31000US31980,40294.0,40.0
"Marion, NC Micro Area",31000US32000,35965.0,43.1
"Marion, OH",31000US32020,42966.0,40.4
"Marquette, MI",31000US32100,45409.0,39.1
"Marshall, MN",31000US32140,51600.0,35.1
"Marshall, MO",31000US32180,40101.0,38.2
"Marshall, TX",31000US32220,45974.0,37.5
"Marshalltown, IA",31000US32260,53351.0,38.9
"Martin, TN",31000US32280,37037.0,36.9
"Martinsville, VA",31000US32300,34382.0,45.3
"Maryville, MO",31000US32340,35854.0,28.3
"Mason City, IA",31000US32380,46334.0,44.3
"Mayfield, KY",31000US32460,39530.0,40.3
"Maysville, KY",31000US32500,38824.0,41.1
"McAlester, OK",31000US32540,42576.0,40.7
"McAllen-Edinburg-Mission, TX Metro Area",31000US32580,34782.0,28.8
"McComb, MS",31000US32620,31425.0,39.1
"McMinnville, TN",31000US32660,35376.0,39.7
"McPherson, KS",31000US32700,56128.0,42.0
"Meadville, PA",31000US32740,44579.0,42.4
"Medford, OR",31000US32780,44028.0,42.8
"Memphis, TN-MS-AR Metro Area",31000US32820,47552.0,35.5
"Menomonie, WI",31000US32860,49788.0,34.1
"Merced, CA",31000US32900,42462.0,30.4
"Meridian, MS",31000US32940,36398.0,38.2
"Merrill, WI",31000US32980,49721.0,46.1
"Mexico, MO",31000US33020,41310.0,39.2
"Miami, OK",31000US33060,36347.0,38.5
"Miami-Fort Lauderdale-West Palm Beach, FL Metro Area",31000US33100,48745.0,40.4
"Michigan City-La Porte, IN",31000US33140,46872.0,39.9
"Middlesborough, KY",31000US33180,22443.0,41.1
"Midland, MI Metro Area",31000US33220,54059.0,40.9
"Midland, TX",31000US33260,68470.0,32.1
"Milledgeville, GA",31000US33300,30791.0,35.8
"Milwaukee-Waukesha-West Allis, WI Metro Area",31000US33340,54336.0,37.3
"Mineral Wells, TX",31000US33420,39516.0,41.2
"Minneapolis-St. Paul-Bloomington, MN-WI Metro Area",31000US33460,68778.0,36.6
"Minot, ND",31000US33500,61213.0,32.1
"Missoula, MT",31000US33540,46164.0,34.8
"Mitchell, SD",31000US33580,51245.0,37.8
"Moberly, MO",31000US33620,37832.0,38.4
"Mobile, AL Metro Area",31000US33660,43809.0,37.0
"Modesto, CA Metro Area",31000US33700,50125.0,33.5
"Monroe, LA",31000US33740,37235.0,35.4
"Monroe, MI",31000US33780,55653.0,41.7
"Montgomery, AL Metro Area",31000US33860,46523.0,36.2
"Montrose, CO",31000US33940,43999.0,44.2
"Morehead City, NC",31000US33980,48457.0,46.4
"Morgan City, LA",31000US34020,40781.0,37.7
"Morgantown, WV",31000US34060,45317.0,32.8
"Morristown, TN",31000US34100,39772.0,41.0
"Moscow, ID",31000US34140,42439.0,28.5
"Moses Lake, WA",31000US34180,48714.0,32.2
"Moultrie, GA",31000US34220,32409.0,35.5
"Mountain Home, AR",31000US34260,35396.0,51.5
"Mountain Home, ID",31000US34300,43848.0,30.8
"Mount Airy, NC",31000US34340,36164.0,42.7
"Mount Pleasant, MI",31000US34380,39377.0,26.3
"Mount Pleasant, TX",31000US34420,44178.0,33.8
"Mount Sterling, KY",31000US34460,35987.0,39.6
"Mount Vernon, IL",31000US34500,43247.0,40.7
"Mount Vernon, OH",31000US34540,48533.0,38.7
"Mount Vernon-Anacortes, WA",31000US34580,54129.0,41.0
"Muncie, IN",31000US34620,38830.0,34.8
"Murray, KY",31000US34660,37034.0,33.7
"Muscatine, IA",31000US34700,53676.0,38.2
"Muskegon, MI Metro Area",31000US34740,42829.0,39.1
"Muskogee, OK",31000US34780,39984.0,37.8
"Myrtle Beach-Conway-North Myrtle Beach, SC-NC Metro Area",31000US34820,44286.0,45.0
"Nacogdoches, TX",31000US34860,39538.0,30.2
"Napa, CA",31000US34900,71379.0,40.3
"Naples-Immokalee-Marco Island, FL Metro Area",31000US34940,57452.0,48.5
"Nashville-Davidson--Murfreesboro--Franklin, TN Metro Area",31000US34980,54047.0,36.2
"Natchez, MS-LA",31000US35020,29088.0,39.9
"Natchitoches, LA",31000US35060,31345.0,33.8
"New Bern, NC Metro Area",31000US35100,46445.0,38.0
"Newberry, SC",31000US35140,40127.0,40.9
"New Castle, IN",31000US35220,41855.0,42.2
"New Castle, PA",31000US35260,44571.0,44.4
"New Haven-Milford, CT Metro Area",31000US35300,61640.0,39.8
"New Orleans-Metairie, LA Metro Area",31000US35380,47163.0,37.4
"New Philadelphia-Dover, OH",31000US35420,45310.0,41.0
"Newport, OR Micro Area",31000US35440,42101.0,50.4
"Newport, TN",31000US35460,31187.0,44.3
"Newton, IA",31000US35500,55033.0,42.2
"New Ulm, MN",31000US35580,52598.0,43.5
"New York-Newark-Jersey City, NY-NJ-PA Metro Area",31000US35620,67296.0,37.9
"Niles-Benton Harbor, MI",31000US35660,44993.0,41.4
"Nogales, AZ",31000US35700,40140.0,36.5
"Norfolk, NE",31000US35740,51361.0,38.3
"North Platte, NE",31000US35820,50196.0,40.2
"North Port-Sarasota-Bradenton, FL Metro Area",31000US35840,50921.0,50.7
"North Vernon, IN",31000US35860,44736.0,39.4
"North Wilkesboro, NC",31000US35900,33232.0,43.7
"Norwalk, OH",31000US35940,48745.0,38.8
"Norwich-New London, CT",31000US35980,66233.0,40.7
"Oak Harbor, WA",31000US36020,58815.0,44.0
"Ocala, FL Metro Area",31000US36100,39459.0,48.2
"Ocean City, NJ",31000US36140,57637.0,48.3
"Odessa, TX",31000US36220,57150.0,30.7
"Ogden-Clearfield, UT Metro Area",31000US36260,63772.0,31.0
"Ogdensburg-Massena, NY",31000US36300,44705.0,37.8
"Oil City, PA",31000US36340,43644.0,45.4
"Okeechobee, FL",31000US36380,35405.0,39.9
"Oklahoma City, OK Metro Area",31000US36420,51461.0,34.7
"Olean, NY",31000US36460,42601.0,41.4
"Olympia-Tumwater, WA Metro Area",31000US36500,61677.0,38.5
"Omaha-Council Bluffs, NE-IA Metro Area",31000US36540,58249.0,35.0
"Oneonta, NY",31000US36580,48588.0,41.6
"Ontario, OR-ID",31000US36620,39652.0,36.8
"Opelousas, LA Micro Area",31000US36660,32625.0,36.6
"Orangeburg, SC",31000US36700,34218.0,38.7
"Orlando-Kissimmee-Sanford, FL Metro Area",31000US36740,48768.0,36.7
"Oshkosh-Neenah, WI",31000US36780,52018.0,37.7
"Oskaloosa, IA",31000US36820,48726.0,39.8
"Othello, WA Micro Area",31000US36830,46564.0,28.9
"Ottawa, KS Micro Area",31000US36840,51081.0,39.0
"Ottawa-Peru, IL Micro Area",31000US36860,50717.0,42.2
"Ottumwa, IA",31000US36900,43138.0,39.5
"Owatonna, MN",31000US36940,57858.0,39.8
"Owensboro, KY",31000US36980,45939.0,39.5
"Owosso, MI",31000US37020,48233.0,41.5
"Oxford, MS",31000US37060,44643.0,28.5
"Oxford, NC Micro Area",31000US37080,50225.0,41.4
"Oxnard-Thousand Oaks-Ventura, CA Metro Area",31000US37100,77348.0,37.1
"Ozark, AL Micro Area",31000US37120,45028.0,36.8
"Paducah, KY-IL",31000US37140,43222.0,43.0
"Pahrump, NV",31000US37220,41712.0,50.8
"Palatka, FL",31000US37260,31715.0,44.1
"Palestine, TX",31000US37300,41327.0,38.9
"Palm Bay-Melbourne-Titusville, FL Metro Area",31000US37340,48925.0,46.6
"Pampa, TX",31000US37420,43288.0,37.0
"Panama City, FL Metro Area",31000US37460,47003.0,40.1
"Paragould, AR",31000US37500,41286.0,38.3
"Paris, TN",31000US37540,38234.0,44.9
"Paris, TX",31000US37580,40748.0,40.3
"Parkersburg-Vienna, WV Metro Area",31000US37620,41693.0,42.6
"Parsons, KS",31000US37660,41439.0,40.6
"Payson, AZ",31000US37740,39751.0,48.6
"Pecos, TX",31000US37780,43540.0,35.6
"Pensacola-Ferry Pass-Brent, FL Metro Area",31000US37860,49860.0,38.1
"Peoria, IL Metro Area",31000US37900,54860.0,38.8
"Peru, IN",31000US37940,45184.0,40.1
"Philadelphia-Camden-Wilmington, PA-NJ-DE-MD Metro Area",31000US37980,62513.0,38.3
"Phoenix-Mesa-Scottsdale, AZ Metro Area",31000US38060,53723.0,35.8
"Picayune, MS",31000US38100,40976.0,40.7
"Pierre, SD",31000US38180,58827.0,39.8
"Pine Bluff, AR",31000US38220,36963.0,38.8
"Pinehurst-Southern Pines, NC Micro Area",31000US38240,50998.0,45.1
"Pittsburg, KS",31000US38260,36534.0,32.6
"Pittsburgh, PA Metro Area",31000US38300,52499.0,42.8
"Pittsfield, MA",31000US38340,49956.0,45.8
"Plainview, TX",31000US38380,43375.0,32.5
"Platteville, WI",31000US38420,49067.0,36.1
"Plattsburgh, NY",31000US38460,49930.0,39.4
"Plymouth, IN",31000US38500,48485.0,39.5
"Pocatello, ID",31000US38540,43779.0,32.7
"Point Pleasant, WV-OH",31000US38580,36850.0,42.0
"Ponca City, OK",31000US38620,42134.0,38.8
"Pontiac, IL",31000US38700,54254.0,41.3
"Poplar Bluff, MO",31000US38740,35738.0,40.0
"Portales, NM",31000US38780,35546.0,29.4
"Port Angeles, WA",31000US38820,47253.0,50.1
"Port Clinton, OH Micro Area",31000US38840,53914.0,47.3
"Portland-South Portland, ME Metro Area",31000US38860,58584.0,42.9
"Portland-Vancouver-Hillsboro, OR-WA Metro Area",31000US38900,60286.0,37.5
"Port Lavaca, TX Micro Area",31000US38920,51078.0,38.1
"Port St. Lucie, FL Metro Area",31000US38940,46293.0,46.4
"Portsmouth, OH",31000US39020,35903.0,39.5
"Pottsville, PA",31000US39060,45535.0,43.8
"Prescott, AZ",31000US39140,44748.0,51.3
"Price, UT",31000US39220,46900.0,35.1
"Prineville, OR",31000US39260,37106.0,48.1
"Providence-Warwick, RI-MA Metro Area",31000US39300,56849.0,40.1
"Provo-Orem, UT Metro Area",31000US39340,61913.0,24.5
"Pueblo, CO",31000US39380,41286.0,38.8
"Pullman, WA",31000US39420,36631.0,24.2
"Punta Gorda, FL",31000US39460,44244.0,57.3
"Quincy, IL-MO",31000US39500,45726.0,40.4
"Racine, WI",31000US39540,55584.0,39.7
"Raleigh, NC Metro Area",31000US39580,63363.0,35.8
"Rapid City, SD",31000US39660,51244.0,37.8
"Raymondville, TX",31000US39700,26495.0,32.3
"Reading, PA Metro Area",31000US39740,55936.0,39.7
"Red Bluff, CA",31000US39780,41001.0,40.5
"Redding, CA",31000US39820,44620.0,42.2
"Red Wing, MN",31000US39860,57062.0,43.0
"Reno, NV Metro Area",31000US39900,53030.0,37.8
"Rexburg, ID",31000US39940,37272.0,24.1
"Richmond, IN",31000US39980,38494.0,40.9
"Richmond, VA Metro Area",31000US40060,59919.0,38.2
"Richmond-Berea, KY",31000US40080,40828.0,35.4
"Rio Grande City, TX Micro Area",31000US40100,26172.0,29.1
"Riverside-San Bernardino-Ontario, CA Metro Area",31000US40140,55092.0,33.5
"Riverton, WY",31000US40180,52773.0,38.2
"Roanoke, VA",31000US40220,50340.0,42.1
"Roanoke Rapids, NC",31000US40260,31724.0,43.6
"Rochelle, IL",31000US40300,54849.0,41.5
"Rochester, MN",31000US40340,64897.0,38.0
"Rochester, NY Metro Area",31000US40380,52483.0,39.7
"Rockford, IL Metro Area",31000US40420,49987.0,39.0
"Rockingham, NC",31000US40460,32687.0,39.9
"Rock Springs, WY",31000US40540,69022.0,33.6
"Rocky Mount, NC",31000US40580,39061.0,40.6
"Rolla, MO",31000US40620,41618.0,34.4
"Rome, GA",31000US40660,41549.0,38.0
"Roseburg, OR",31000US40700,41312.0,46.9
"Roswell, NM",31000US40740,40630.0,34.8
"Russellville, AR",31000US40780,39071.0,36.5
"Ruston, LA",31000US40820,33467.0,27.4
"Rutland, VT",31000US40860,49372.0,45.5
"Sacramento--Roseville--Arden-Arcade, CA Metro Area",31000US40900,60003.0,36.6
"Safford, AZ",31000US40940,45964.0,32.0
"Saginaw, MI Metro Area",31000US40980,43042.0,40.3
"St. Cloud, MN",31000US41060,55603.0,34.3
"St. George, UT",31000US41100,50774.0,34.6
"St. Joseph, MO-KS",31000US41140,47140.0,38.1
"St. Louis, MO-IL Metro Area",31000US41180,55066.0,38.7
"St. Marys, GA",31000US41220,52473.0,31.6
"Salem, OH Micro Area",31000US41400,44497.0,43.2
"Salem, OR Metro Area",31000US41420,49583.0,36.1
"Salina, KS",31000US41460,48123.0,38.0
"Salinas, CA Metro Area",31000US41500,58783.0,33.5
"Salisbury, MD-DE Metro Area",31000US41540,52908.0,43.6
"Salt Lake City, UT Metro Area",31000US41620,62192.0,31.8
"San Angelo, TX",31000US41660,46887.0,34.0
"San Antonio-New Braunfels, TX Metro Area",31000US41700,53122.0,34.3
"San Diego-Carlsbad, CA Metro Area",31000US41740,64309.0,35.1
"Sandpoint, ID Micro Area",31000US41760,42171.0,47.2
"Sandusky, OH Micro Area",31000US41780,48011.0,44.0
"Sanford, NC",31000US41820,45608.0,37.5
"San Francisco-Oakland-Hayward, CA Metro Area",31000US41860,81552.0,38.7
"San Jose-Sunnyvale-Santa Clara, CA Metro Area",31000US41940,95405.0,36.7
"San Luis Obispo-Paso Robles-Arroyo Grande, CA Metro Area",31000US42020,60691.0,39.3
"Santa Cruz-Watsonville, CA",31000US42100,67256.0,37.0
"Santa Fe, NM",31000US42140,54315.0,44.4
"Santa Maria-Santa Barbara, CA Metro Area",31000US42200,63985.0,33.6
"Santa Rosa, CA Metro Area",31000US42220,64240.0,40.8
"Sault Ste. Marie, MI",31000US42300,41993.0,39.0
"Savannah, GA Metro Area",31000US42340,50618.0,34.6
"Sayre, PA",31000US42380,48987.0,44.1
"Scottsbluff, NE",31000US42420,45933.0,39.3
"Scottsboro, AL",31000US42460,37745.0,42.2
"Scranton--Wilkes-Barre--Hazleton, PA Metro Area",31000US42540,46298.0,42.7
"Searcy, AR",31000US42620,42554.0,36.2
"Seattle-Tacoma-Bellevue, WA Metro Area",31000US42660,70475.0,37.0
"Sebastian-Vero Beach, FL",31000US42680,45798.0,50.7
"Sebring, FL Metro Area",31000US42700,35093.0,52.1
"Sedalia, MO",31000US42740,39928.0,37.5
"Selinsgrove, PA",31000US42780,49917.0,39.3
"Selma, AL",31000US42820,27306.0,38.7
"Seneca, SC",31000US42860,41237.0,44.3
"Seneca Falls, NY",31000US42900,49292.0,42.3
"Sevierville, TN",31000US42940,42258.0,42.2
"Seymour, IN",31000US42980,47000.0,38.3
"Shawano, WI Micro Area",31000US43020,46677.0,43.3
"Shawnee, OK",31000US43060,44688.0,37.6
"Sheboygan, WI",31000US43100,53713.0,41.3
"Shelby, NC",31000US43140,39453.0,41.4
"Shelbyville, TN",31000US43180,41984.0,36.6
"Shelton, WA",31000US43220,50406.0,45.4
"Sheridan, WY",31000US43260,55455.0,42.2
"Sherman-Denison, TX",31000US43300,47952.0,40.2
"Show Low, AZ",31000US43320,35921.0,35.7
"Shreveport-Bossier City, LA Metro Area",31000US43340,43551.0,36.5
"Sidney, OH",31000US43380,54550.0,38.9
"Sierra Vista-Douglas, AZ Metro Area",31000US43420,45075.0,40.0
"Sikeston, MO",31000US43460,39162.0,39.7
"Silver City, NM",31000US43500,38311.0,46.5
"Sioux City, IA-NE-SD",31000US43580,50650.0,36.7
"Sioux Falls, SD",31000US43620,57889.0,34.9
"Snyder, TX",31000US43660,56842.0,36.0
"Somerset, KY",31000US43700,34790.0,42.0
"Somerset, PA",31000US43740,44587.0,45.3
"Sonora, CA Micro Area",31000US43760,50306.0,48.6
"South Bend-Mishawaka, IN-MI Metro Area",31000US43780,45650.0,37.9
"Spartanburg, SC",31000US43900,42834.0,38.6
"Spearfish, SD",31000US43940,45548.0,41.5
"Spencer, IA",31000US43980,50389.0,42.2
"Spirit Lake, IA",31000US44020,57265.0,48.7
"Spokane-Spokane Valley, WA Metro Area",31000US44060,49042.0,38.1
"Springfield, IL",31000US44100,56399.0,39.8
"Springfield, MA Metro Area",31000US44140,52759.0,38.0
"Springfield, MO Metro Area",31000US44180,43123.0,36.6
"Springfield, OH",31000US44220,43625.0,41.0
"Starkville, MS",31000US44260,32485.0,25.0
"State College, PA",31000US44300,52186.0,30.3
"Statesboro, GA",31000US44340,36032.0,26.3
"Staunton-Waynesboro, VA Metro Area",31000US44420,49620.0,43.0
"Steamboat Springs, CO Micro Area",31000US44460,64963.0,40.1
"Stephenville, TX",31000US44500,41416.0,30.3
"Sterling, CO",31000US44540,42319.0,37.6
"Sterling, IL",31000US44580,47401.0,42.7
"Stevens Point, WI",31000US44620,51613.0,36.2
"Stillwater, OK",31000US44660,37667.0,27.2
"Stockton-Lodi, CA Metro Area",31000US44700,53274.0,33.5
"Storm Lake, IA",31000US44740,48195.0,35.9
"Sturgis, MI",31000US44780,44449.0,39.2
"Sulphur Springs, TX",31000US44860,44396.0,39.2
"Summerville, GA",31000US44900,32913.0,40.3
"Summit Park, UT Micro Area",31000US44920,91773.0,38.2
"Sumter, SC",31000US44940,41332.0,35.8
"Sunbury, PA",31000US44980,42406.0,43.8
"Susanville, CA",31000US45000,51555.0,37.0
"Sweetwater, TX",31000US45020,37102.0,37.9
"Syracuse, NY Metro Area",31000US45060,53534.0,39.1
"Tahlequah, OK",31000US45140,38694.0,34.8
"Talladega-Sylacauga, AL",31000US45180,34691.0,41.6
"Tallahassee, FL Metro Area",31000US45220,45344.0,32.5
"Tampa-St. Petersburg-Clearwater, FL Metro Area",31000US45300,47085.0,41.8
"Taos, NM",31000US45340,36582.0,46.8
"Taylorville, IL",31000US45380,45334.0,42.0
"Terre Haute, IN",31000US45460,42089.0,38.1
"Texarkana, TX-AR Metro Area",31000US45500,41206.0,38.0
"The Dalles, OR",31000US45520,43422.0,41.0
"The Villages, FL Metro Area",31000US45540,50350.0,65.3
"Thomaston, GA",31000US45580,35774.0,41.5
"Thomasville, GA",31000US45620,36641.0,39.4
"Tiffin, OH",31000US45660,45444.0,39.0
"Tifton, GA",31000US45700,37653.0,35.1
"Toccoa, GA",31000US45740,40315.0,41.2
"Toledo, OH Metro Area",31000US45780,45350.0,37.3
"Topeka, KS",31000US45820,51360.0,39.7
"Torrington, CT",31000US45860,72061.0,46.0
"Traverse City, MI",31000US45900,51125.0,44.5
"Trenton, NJ Metro Area",31000US45940,72804.0,38.4
"Troy, AL",31000US45980,32825.0,31.3
"Truckee-Grass Valley, CA",31000US46020,56521.0,49.0
"Tucson, AZ Metro Area",31000US46060,46162.0,38.0
"Tullahoma-Manchester, TN Micro Area",31000US46100,42447.0,40.8
"Tulsa, OK Metro Area",31000US46140,50023.0,36.8
"Tupelo, MS",31000US46180,41190.0,37.1
"Tuscaloosa, AL",31000US46220,43697.0,33.1
"Twin Falls, ID",31000US46300,43523.0,33.8
"Tyler, TX",31000US46340,46929.0,36.1
"Ukiah, CA",31000US46380,42980.0,42.2
"Union City, TN-KY",31000US46460,38012.0,42.2
"Urbana, OH",31000US46500,50974.0,41.2
"Urban Honolulu, HI Metro Area",31000US46520,74460.0,36.9
"Utica-Rome, NY",31000US46540,47695.0,41.4
"Uvalde, TX",31000US46620,38568.0,34.1
"Valdosta, GA",31000US46660,36220.0,31.0
"Vallejo-Fairfield, CA Metro Area",31000US46700,66828.0,37.3
"Valley, AL",31000US46740,34177.0,43.0
"Van Wert, OH",31000US46780,48060.0,41.5
"Vermillion, SD",31000US46820,36608.0,25.2
"Vernal, UT",31000US46860,66815.0,29.7
"Vernon, TX",31000US46900,41630.0,37.6
"Vicksburg, MS",31000US46980,38044.0,37.2
"Victoria, TX",31000US47020,51700.0,36.4
"Vidalia, GA",31000US47080,34140.0,35.9
"Vincennes, IN",31000US47180,42725.0,39.2
"Vineland-Bridgeton, NJ Metro Area",31000US47220,49984.0,36.9
"Vineyard Haven, MA Micro Area",31000US47240,64222.0,45.9
"Virginia Beach-Norfolk-Newport News, VA-NC Metro Area",31000US47260,58852.0,35.4
"Visalia-Porterville, CA Metro Area",31000US47300,42031.0,30.3
"Wabash, IN",31000US47340,45649.0,42.4
"Waco, TX",31000US47380,42231.0,33.4
"Wahpeton, ND-MN",31000US47420,54020.0,40.9
"Walla Walla, WA Metro Area",31000US47460,47238.0,37.6
"Wapakoneta, OH",31000US47540,54274.0,41.0
"Warner Robins, GA",31000US47580,50909.0,35.2
"Warren, PA",31000US47620,44020.0,46.2
"Warrensburg, MO",31000US47660,49792.0,29.7
"Warsaw, IN",31000US47700,52821.0,37.9
"Washington, IN",31000US47780,47342.0,35.0
"Washington, NC",31000US47820,40391.0,44.9
"Washington-Arlington-Alexandria, DC-VA-MD-WV Metro Area",31000US47900,92324.0,36.3
"Washington Court House, OH",31000US47920,40503.0,41.1
"Waterloo-Cedar Falls, IA",31000US47940,50793.0,35.8
"Watertown, SD",31000US47980,48912.0,38.0
"Watertown-Fort Atkinson, WI",31000US48020,56877.0,39.1
"Watertown-Fort Drum, NY Metro Area",31000US48060,49505.0,31.8
"Wauchula, FL",31000US48100,35457.0,34.8
"Wausau, WI",31000US48140,54083.0,40.6
"Waycross, GA",31000US48180,36605.0,38.2
"Weatherford, OK",31000US48220,46125.0,30.7
"Weirton-Steubenville, WV-OH Metro Area",31000US48260,42136.0,44.8
"Wenatchee, WA Metro Area",31000US48300,52410.0,38.5
"West Plains, MO",31000US48460,32784.0,40.6
"Wheeling, WV-OH",31000US48540,43212.0,43.8
"Whitewater-Elkhorn, WI Micro Area",31000US48580,53445.0,38.9
"Wichita, KS Metro Area",31000US48620,51424.0,35.4
"Wichita Falls, TX",31000US48660,46277.0,35.2
"Williamsport, PA",31000US48700,47313.0,41.4
"Williston, ND",31000US48780,88013.0,32.6
"Willmar, MN",31000US48820,52632.0,39.9
"Wilmington, NC",31000US48900,49065.0,38.8
"Wilmington, OH",31000US48940,46787.0,39.3
"Wilson, NC",31000US48980,39847.0,39.9
"Winchester, VA-WV",31000US49020,53585.0,40.5
"Winnemucca, NV Micro Area",31000US49080,65212.0,35.3
"Winona, MN",31000US49100,50547.0,33.9
"Winston-Salem, NC Metro Area",31000US49180,44311.0,40.1
"Wisconsin Rapids-Marshfield, WI Micro Area",31000US49220,48961.0,43.4
"Woodward, OK",31000US49260,55300.0,36.1
"Wooster, OH",31000US49300,50383.0,38.8
"Worcester, MA-CT Metro Area",31000US49340,64367.0,39.9
"Worthington, MN",31000US49380,50625.0,36.6
"Yakima, WA",31000US49420,44749.0,32.5
"Yankton, SD",31000US49460,48176.0,40.8
"York-Hanover, PA Metro Area",31000US49620,58269.0,40.7
"Youngstown-Warren-Boardman, OH-PA Metro Area",31000US49660,42609.0,43.5
"Yuba City, CA",31000US49700,49781.0,33.8
"Yuma, AZ",31000US49740,40743.0,33.8
"Zanesville, OH",31000US49780,41130.0,40.3
"Zapata, TX Micro Area",31000US49820,32162.0,29.2
